name,folder,hp,speed_pxs,gun,dmg_min,dmg_max,mag,fire_interval,reload_time,bspeed_pxs,bspeed_min_pxs,spread,pellet_count,pellet_interval(tick),brange_px,brange_min_px,shoot_slow,shoot_slow_dur(tick),cd_rmb,cd_space,cd_e,cd_r,sprite
Agent,agent,140,180,Pistol,12,15,12,0.3,1,700,,5,,,800,780,0.7,6,4,3,6,12,gun
Vince,vince,240,120,Shotgun,5,8,6,0.6,3,800,570,15,10,0.5,150,130,0.2,6,5,9,6,20,gun
Marksman,marksman,180,150,Machine,21,24,40,0.15,3,900,,7,,,1000,980,0.7,9,4,9,8,10,machine
Hunter,hunter,100,200,Sniper,60,70,5,1,4,1400,,1,,,infinity,infinity,0.5,24,4,8,10,15,silencer
Robot,robot,160,190,Laser,6,8,infinity,0.1,0,1000,,3,,,infinity,infinity,1.0,0,10,6,9,5,silencer
Pioneer,pioneer,220,210,Rifle,12,15,25,0.08,2,800,,10,,,500,480,0.8,6,6,8,12,18,machine
Assassin,assassin,120,250,Shuriken,15,18,infinity,1,0,700,,4,5,3,400,380,0.2,12,5,10,6,8,hold
Poisoner,poisoner,160,180,Poison,3,3,100,0.05,5,300,260,15,,,,,0.7,6,9,8,10,0,gun
Zombie,zombie,200,100,Hand,35,40,infinity,0.7,0,,,0,,,,,1.0,0,0,4,10,8,hold
